,diseases,%M,Gap_M,%F,Gap_F
0,Pleural Effusion,0.5548553595006602,0.001211693161304206,0.4451446404993398,-0.001211693161304206
1,Consolidation,0.5637176620887895,-0.007351337002642067,0.43628233791121046,0.007351337002642067
2,Cardiomegaly,0.5474743008732177,-0.013241322362794627,0.45252569912678237,0.013241322362794627
3,Edema,0.54799459215863,0.021275605748543813,0.45200540784137,-0.021275605748543813
4,Atelectasis,0.5768130241736557,0.03198892025180056,0.42318697582634435,-0.03198892025180056
5,Pneumothorax,0.6327529923830251,0.0355670201585937,0.367247007616975,-0.0355670201585937
6,Pneumonia,0.5430276381909548,0.04241491913765383,0.4569723618090452,-0.04241491913765383
7,No Finding,0.4984257566524477,-0.05431079403509831,0.5015742433475523,0.05431079403509831
